number,Date,Value
0,9/11/2016,621.65
1,9/12/2016,609.67
2,9/13/2016,610.92
3,9/14/2016,608.82
4,9/15/2016,610.38
5,9/16/2016,609.11
6,9/17/2016,607.04
7,9/18/2016,611.58
8,9/19/2016,610.19
9,9/20/2016,608.66
10,9/21/2016,598.88
11,9/22/2016,597.42
12,9/23/2016,594.08
13,9/24/2016,603.88
14,9/25/2016,601.74
15,9/26/2016,598.98
16,9/27/2016,605.96
17,9/28/2016,605.67
18,9/29/2016,603.85
19,9/30/2016,609.39
20,10/1/2016,614.82
21,10/2/2016,612.98
22,10/3/2016,611.85
23,10/4/2016,609.62
24,10/5/2016,607.18
25,10/6/2016,612.08
26,10/7/2016,617.21
27,10/8/2016,614.74
28,10/9/2016,615.65
29,10/10/2016,617.54
30,10/11/2016,614.77
31,10/12/2016,635.01
32,10/13/2016,635.96
33,10/14/2016,634.02
34,10/15/2016,637.94
35,10/16/2016,641.42
36,10/17/2016,638.97
37,10/18/2016,636.29
38,10/19/2016,629.25
39,10/20/2016,627.72
40,10/21/2016,631.92
41,10/22/2016,655.48
42,10/23/2016,653.25
43,10/24/2016,651.39
44,10/25/2016,655.31
45,10/26/2016,651.45
46,10/27/2016,682.22
47,10/28/2016,687.68
48,10/29/2016,685.91
49,10/30/2016,698.0
50,10/31/2016,702.0
51,11/1/2016,697.01
52,11/2/2016,733.33
53,11/3/2016,686.17
54,11/4/2016,683.69
55,11/5/2016,704.79
56,11/6/2016,712.0
57,11/7/2016,709.96
58,11/8/2016,708.97
59,11/9/2016,720.93
60,11/10/2016,721.5
61,11/11/2016,715.45
62,11/12/2016,703.71
63,11/13/2016,702.28
64,11/14/2016,706.46
65,11/15/2016,710.91
66,11/16/2016,711.73
67,11/17/2016,736.96
68,11/18/2016,747.52
69,11/19/2016,748.98
70,11/20/2016,729.06
71,11/21/2016,738.53
72,11/22/2016,736.97
73,11/23/2016,741.63
74,11/24/2016,737.45
75,11/25/2016,735.64
76,11/26/2016,733.67
77,11/27/2016,727.96
78,11/28/2016,727.31
79,11/29/2016,732.71
80,11/30/2016,742.69
81,12/1/2016,742.05
82,12/2/2016,772.43
83,12/3/2016,764.33
84,12/4/2016,762.97
85,12/5/2016,754.63
86,12/6/2016,756.62
87,12/7/2016,758.99
88,12/8/2016,769.72
89,12/9/2016,770.02
90,12/10/2016,769.08
91,12/11/2016,777.0
92,12/12/2016,777.0
93,12/13/2016,777.99
94,12/14/2016,774.89
95,12/15/2016,776.75
96,12/16/2016,775.88
97,12/17/2016,788.7
98,12/18/2016,788.4
99,12/19/2016,788.67
100,12/20/2016,793.09
101,12/21/2016,824.21
102,12/22/2016,834.97
103,12/23/2016,901.31
104,12/24/2016,891.61
105,12/25/2016,892.6
106,12/26/2016,897.33
107,12/27/2016,930.37
108,12/28/2016,930.34
109,12/29/2016,963.38
110,12/30/2016,952.15
111,12/31/2016,958.12
112,1/1/2017,997.72
113,1/2/2017,1015.97
114,1/3/2017,1013.42
115,1/4/2017,1126.76
116,1/5/2017,994.67
117,1/6/2017,999.65
118,1/7/2017,896.83
119,1/8/2017,908.14
120,1/9/2017,910.49
121,1/10/2017,906.05
122,1/11/2017,785.22
123,1/12/2017,780.92
124,1/13/2017,826.29
125,1/14/2017,817.91
126,1/15/2017,819.55
127,1/16/2017,830.5
128,1/17/2017,903.84
129,1/18/2017,906.6
130,1/19/2017,895.798875
131,1/20/2017,893.6210875
132,1/21/2017,895.64
133,1/22/2017,918.603625
134,1/23/2017,922.0736125
135,1/24/2017,919.97
136,1/25/2017,893.045625
137,1/26/2017,915.95625
138,1/27/2017,915.05
139,1/28/2017,920.31225
140,1/29/2017,915.933
141,1/30/2017,912.19
142,1/31/2017,964.706075
143,2/1/2017,979.703875
144,2/2/2017,983.42
145,2/3/2017,1013.0269999999999
146,2/4/2017,1030.999413
147,2/5/2017,1034.07
148,2/6/2017,1024.01375
149,2/7/2017,1050.11
150,2/8/2017,1052.84
151,2/9/2017,976.1030000000001
152,2/10/2017,999.1035
153,2/11/2017,997.59
154,2/12/2017,1000.604625
155,2/13/2017,999.877375
156,2/14/2017,1001.2
157,2/15/2017,1012.325988
158,2/16/2017,1035.208125
159,2/17/2017,1035.2
160,2/18/2017,1056.637138
161,2/19/2017,1052.779286
162,2/20/2017,1050.87
163,2/21/2017,1123.788429
164,2/22/2017,1123.2231880000002
165,2/23/2017,1130.01
166,2/24/2017,1174.86625
167,2/25/2017,1150.605714
168,2/26/2017,1150.37
169,2/27/2017,1190.75195
170,2/28/2017,1187.565286
171,3/1/2017,1190.89
172,3/2/2017,1259.410817
173,3/3/2017,1285.14
174,3/4/2017,1287.0
175,3/5/2017,1270.9333
176,3/6/2017,1275.197375
177,3/7/2017,1279.5
178,3/8/2017,1157.3933
179,3/9/2017,1192.469143
180,3/10/2017,1192.09
181,3/11/2017,1179.159875
182,3/12/2017,1227.494625
183,3/13/2017,1227.68
184,3/14/2017,1245.370786
185,3/15/2017,1257.399625
186,3/16/2017,1257.0
187,3/17/2017,1091.171888
188,3/18/2017,952.2323625
189,3/19/2017,967.69
190,3/20/2017,1049.0844880000002
191,3/21/2017,1118.630043
192,3/22/2017,1113.0
193,3/23/2017,1038.789
194,3/24/2017,941.9197142999999
195,3/25/2017,927.93
196,3/26/2017,956.7863125
197,3/27/2017,1037.22925
198,3/28/2017,1041.04
199,3/29/2017,1040.5755
200,3/30/2017,1037.90455
201,3/31/2017,1034.74
202,4/1/2017,1086.9295710000001
203,4/2/2017,1099.169125
204,4/3/2017,1079.99
205,4/4/2017,1141.600363
206,4/5/2017,1133.079314
207,4/6/2017,1133.53
208,4/7/2017,1190.45425
209,4/8/2017,1181.149838
210,4/9/2017,1184.03
211,4/10/2017,1207.744875
212,4/11/2017,1226.617038
213,4/12/2017,1219.09
214,4/13/2017,1180.023713
215,4/14/2017,1185.260057
216,4/15/2017,1170.36
217,4/16/2017,1186.9274130000001
218,4/17/2017,1205.634875
219,4/18/2017,1176.97
220,4/19/2017,1217.930088
221,4/20/2017,1241.686325
222,4/21/2017,1236.63
223,4/22/2017,1261.311225
224,4/23/2017,1257.988113
225,4/24/2017,1240.84
226,4/25/2017,1279.414688
227,4/26/2017,1309.109875
228,4/27/2017,1288.02
229,4/28/2017,1331.2944289999998
230,4/29/2017,1334.9790380000002
231,4/30/2017,1333.0
232,5/1/2017,1417.1728130000001
233,5/2/2017,1452.076288
234,5/3/2017,1447.55
235,5/4/2017,1508.292125
236,5/5/2017,1533.3350710000002
237,5/6/2017,1518.75
238,5/7/2017,1535.8684289999999
239,5/8/2017,1640.619225
240,5/9/2017,1651.1
241,5/10/2017,1762.88625
242,5/11/2017,1820.9905629999998
243,5/12/2017,1829.0
244,5/13/2017,1771.920013
245,5/14/2017,1776.3165
246,5/15/2017,1780.0
247,5/16/2017,1739.031975
248,5/17/2017,1807.4850629999999
249,5/18/2017,1783.98
250,5/19/2017,1961.520488
251,5/20/2017,2052.909788
252,5/21/2017,2008.84
253,5/22/2017,2090.662313
254,5/23/2017,2287.7102879999998
255,5/24/2017,2256.32
256,5/25/2017,2387.206286
257,5/26/2017,2211.976857
258,5/27/2017,2279.82
259,5/28/2017,2192.9808
260,5/29/2017,2275.9307
261,5/30/2017,2290.02
262,5/31/2017,2285.933914
263,6/1/2017,2399.242671
264,6/2/2017,2409.93
265,6/3/2017,2525.7651579999997
266,6/4/2017,2516.173143
267,6/5/2017,2529.53
268,6/6/2017,2883.313697
269,6/7/2017,2664.920863
270,6/8/2017,2683.03
271,6/9/2017,2827.4913
272,6/10/2017,2845.372857
273,6/11/2017,2898.63
274,6/12/2017,2657.6750629999997
275,6/13/2017,2748.185086
276,6/14/2017,2706.0
277,6/15/2017,2442.48025
278,6/16/2017,2464.9598140000003
279,6/17/2017,2477.94
280,6/18/2017,2507.389252
281,6/19/2017,2617.210263
282,6/20/2017,2600.0
283,6/21/2017,2671.04325
284,6/22/2017,2727.288013
285,6/23/2017,2713.48
286,6/24/2017,2589.164888
287,6/25/2017,2512.366286
288,6/26/2017,2502.03
289,6/27/2017,2517.903114
290,6/28/2017,2585.349186
291,6/29/2017,2558.3
292,6/30/2017,2477.641375
293,7/1/2017,2501.191343
294,7/2/2017,2421.26
295,7/3/2017,2561.225429
296,7/4/2017,2599.7298379999997
297,7/5/2017,2598.89
298,7/6/2017,2609.96775
299,7/7/2017,2491.201214
300,7/8/2017,2502.86
301,7/9/2017,2536.238938
302,7/10/2017,2366.170143
303,7/11/2017,2327.09
304,7/12/2017,2385.748571
305,7/13/2017,2354.783417
306,7/14/2017,2338.49
307,7/15/2017,2058.9956
308,7/16/2017,1931.2143
309,7/17/2017,1910.96
310,7/18/2017,2320.12225
311,7/19/2017,2264.7657
312,7/20/2017,2265.21
313,7/21/2017,2682.195363
314,7/22/2017,2807.609857
315,7/23/2017,2825.51
316,7/24/2017,2751.8210289999997
317,7/25/2017,2560.997917
318,7/26/2017,2564.3
319,7/27/2017,2647.625
320,7/28/2017,2781.636583
321,7/29/2017,2784.8
322,7/30/2017,2745.955417
323,7/31/2017,2866.4316670000003
324,8/1/2017,2862.9
325,8/2/2017,2693.6339829999997
326,8/3/2017,2794.117717
327,8/4/2017,2790.0
328,8/5/2017,3218.115017
329,8/6/2017,3252.562533
330,8/7/2017,3210.2
331,8/8/2017,3457.3743329999998
332,8/9/2017,3357.326317
333,8/10/2017,3340.28
334,8/11/2017,3632.506667
335,8/12/2017,3852.802914
336,8/13/2017,3868.52
337,8/14/2017,4282.992
338,8/15/2017,4217.028329
339,8/16/2017,4179.97
340,8/17/2017,4328.725717
341,8/18/2017,4130.440067
342,8/19/2017,4104.71
343,8/20/2017,4157.958033
344,8/21/2017,4043.722
345,8/22/2017,3986.28
346,8/23/2017,4174.95
347,8/24/2017,4340.316717000001
348,8/25/2017,4331.77
349,8/26/2017,4360.513317
350,8/27/2017,4354.308333
351,8/28/2017,4339.05
352,8/29/2017,4607.98545
353,8/30/2017,4594.98785
354,8/31/2017,4582.52
355,9/1/2017,4911.740017
356,9/2/2017,4580.387479999999
357,9/3/2017,4585.57
358,9/4/2017,4344.098317
359,9/5/2017,4488.720139999999
360,9/6/2017,4385.02
361,9/7/2017,4654.6585
362,9/8/2017,4310.750183
363,9/9/2017,4312.26
364,9/10/2017,4329.955
365,9/11/2017,4248.090017
366,9/12/2017,4198.59
367,9/13/2017,3961.271267
368,9/14/2017,3319.63
369,9/15/2017,3216.43
370,9/16/2017,3763.6260399999996
371,9/17/2017,3746.060783
372,9/18/2017,3678.53
373,9/19/2017,3943.413333
374,9/20/2017,3977.5616670000004
375,9/21/2017,3894.48
376,9/22/2017,3637.50255
377,9/23/2017,3776.3869
378,9/24/2017,3777.62
379,9/25/2017,3942.555
380,9/26/2017,3910.307383
381,9/27/2017,3881.0
382,9/28/2017,4201.98905
383,9/29/2017,4193.574667
384,9/30/2017,4164.27
385,10/1/2017,4360.722967000001
386,10/2/2017,4386.88375
387,10/3/2017,4394.07
388,10/4/2017,4225.175
389,10/5/2017,4338.852
390,10/6/2017,4318.58
391,10/7/2017,4376.191667
392,10/8/2017,4602.280882999999
393,10/9/2017,4605.66
394,10/10/2017,4782.28
395,10/11/2017,4819.485767
396,10/12/2017,4822.17
397,10/13/2017,5563.8065670000005
398,10/14/2017,5739.438733
399,10/15/2017,5825.99
400,10/16/2017,5711.205867000001
401,10/17/2017,5603.712939999999
402,10/18/2017,5594.66
403,10/19/2017,5727.6335
404,10/20/2017,5979.4598399999995
405,10/21/2017,5986.44
406,10/22/2017,5983.18455
407,10/23/2017,5876.079867
408,10/24/2017,5900.59
409,10/25/2017,5669.622533
410,10/26/2017,5893.138417
411,10/27/2017,5889.82
412,10/28/2017,5776.69695
413,10/29/2017,6155.434020000001
414,10/30/2017,6136.49
415,10/31/2017,6388.645167000001
416,11/1/2017,6665.306683
417,11/2/2017,6751.98
418,11/3/2017,7197.72006
419,11/4/2017,7437.543317000001
420,11/5/2017,7365.99
421,11/6/2017,6989.071667
422,11/7/2017,7092.127233
423,11/8/2017,7128.64
424,11/9/2017,7158.03706
425,11/10/2017,6719.39785
426,11/11/2017,6569.22
427,11/12/2017,5716.3015829999995
428,11/13/2017,6550.227533
429,11/14/2017,6493.63
430,11/15/2017,7301.4299200000005
431,11/16/2017,7815.0307
432,11/17/2017,7868.77
433,11/18/2017,7817.140383
434,11/19/2017,8007.654067
435,11/20/2017,8049.72
436,11/21/2017,8059.8
437,11/22/2017,8268.035
438,11/23/2017,8236.72
439,11/24/2017,8250.978333
440,11/25/2017,8707.407267
441,11/26/2017,8768.8
442,11/27/2017,9718.29505
443,11/28/2017,9952.508820000001
444,11/29/2017,9919.0
445,11/30/2017,10147.372
446,12/1/2017,10883.912
447,12/2/2017,10879.88
448,12/3/2017,11332.622
449,12/4/2017,11584.83
450,12/5/2017,11591.22
451,12/6/2017,13540.98
452,12/7/2017,16501.97167
453,12/8/2017,16860.88
454,12/9/2017,15142.83415
455,12/10/2017,14869.805
456,12/11/2017,15068.95
457,12/12/2017,17276.393330000003
458,12/13/2017,16808.36667
459,12/14/2017,16252.31
460,12/15/2017,17771.9
461,12/16/2017,19498.68333
462,12/17/2017,19279.9
463,12/18/2017,18961.856669999997
464,12/19/2017,17737.11167
465,12/20/2017,17382.94
466,12/21/2017,16047.51
467,12/22/2017,15190.945
468,12/23/2017,13776.61
469,12/24/2017,13949.175
470,12/25/2017,14119.028330000001
471,12/26/2017,13740.94
472,12/27/2017,15589.32167
473,12/28/2017,14380.58167
474,12/29/2017,14214.01
475,12/30/2017,13215.573999999999
476,12/31/2017,14165.575
477,1/1/2018,13796.0
478,1/2/2018,15005.85667
479,1/3/2018,15053.261669999998
480,1/4/2018,15039.24
481,1/5/2018,17174.12
482,1/6/2018,17319.198
483,1/7/2018,17155.95
484,1/8/2018,15265.906669999998
485,1/9/2018,14714.253330000001
486,1/10/2018,14437.42
487,1/11/2018,13296.794
488,1/12/2018,13912.882
489,1/13/2018,13791.19
490,1/14/2018,13852.92
491,1/15/2018,14012.196000000002
492,1/16/2018,13554.14
493,1/17/2018,11116.946670000001
494,1/18/2018,11345.42333
495,1/19/2018,11174.82
496,1/20/2018,12950.79333
497,1/21/2018,11505.228000000001
498,1/22/2018,11513.42
499,1/23/2018,11223.063999999998
500,1/24/2018,11282.25833
501,1/25/2018,11392.03
502,1/26/2018,10969.815
503,1/27/2018,11524.776670000001
504,1/28/2018,11431.37
505,1/29/2018,11212.655
506,1/30/2018,10184.061670000001
507,1/31/2018,10082.52
508,2/1/2018,9083.258333
509,2/2/2018,8901.901667
510,2/3/2018,8852.73
511,2/4/2018,8400.648333
512,2/5/2018,6838.816667
513,2/6/2018,6925.46
514,2/7/2018,8099.958333
515,2/8/2018,8240.536667
516,2/9/2018,8245.08
517,2/10/2018,8319.876565999999
518,2/11/2018,8343.455
519,2/12/2018,8068.02
520,2/13/2018,8597.7675
521,2/14/2018,9334.633333
522,2/15/2018,9471.64
523,2/16/2018,10127.16167
524,2/17/2018,10841.99167
525,2/18/2018,11085.83
526,2/19/2018,11110.965
527,2/20/2018,11390.39167
528,2/21/2018,11245.98
529,2/22/2018,9931.071667
530,2/23/2018,10162.11667
531,2/24/2018,10171.3
532,2/25/2018,9696.593333
533,2/26/2018,10348.60333
534,2/27/2018,10319.46
535,2/28/2018,10370.165
536,3/1/2018,11009.38167
537,3/2/2018,10931.12
538,3/3/2018,11326.94833
539,3/4/2018,11430.18167
540,3/5/2018,11516.83
541,3/6/2018,10763.19833
542,3/7/2018,10118.058
543,3/8/2018,9920.46
544,3/9/2018,9089.278333
545,3/10/2018,8746.002
546,3/11/2018,8777.37
547,3/12/2018,9182.843333
548,3/13/2018,9154.7
549,3/14/2018,9153.54
550,3/15/2018,8358.121667
551,3/16/2018,8530.402
552,3/17/2018,8297.89
553,3/18/2018,8171.415
554,3/19/2018,8412.033333
555,3/20/2018,8605.64
556,3/21/2018,8947.753333
557,3/22/2018,8690.408333
558,3/23/2018,8725.37
559,3/24/2018,8662.378333
560,3/25/2018,8617.296667
561,3/26/2018,8457.96
562,3/27/2018,7876.195
563,3/28/2018,7960.38
564,3/29/2018,7950.61
565,3/30/2018,6882.531667
566,3/31/2018,6935.48
567,4/1/2018,6937.56
568,4/2/2018,7035.848333
569,4/3/2018,7410.435
570,4/4/2018,7426.48
571,4/5/2018,6826.51
572,4/6/2018,6603.876667
573,4/7/2018,6634.68
574,4/8/2018,7017.656667
575,4/9/2018,6699.273333
576,4/10/2018,6784.41
577,4/11/2018,6926.266667
578,4/12/2018,7847.845
579,4/13/2018,7941.46
580,4/14/2018,8036.511051
581,4/15/2018,8340.748333
582,4/16/2018,8368.1
583,4/17/2018,7895.416926000001
584,4/18/2018,8164.937426
585,4/19/2018,8175.96
586,4/20/2018,8852.718333
587,4/21/2018,8807.205
588,4/22/2018,8930.6
589,4/23/2018,8933.861667000001
590,4/24/2018,9555.542
591,4/25/2018,9658.11
592,4/26/2018,9258.398333
593,4/27/2018,9010.32
594,4/28/2018,8928.55
595,4/29/2018,9334.281667
596,4/30/2018,9259.57
597,5/1/2018,9239.55
598,5/2/2018,9221.426
599,5/3/2018,9639.268333
600,5/4/2018,9753.35
601,5/5/2018,9803.306667
602,5/6/2018,9630.136277
603,5/7/2018,9631.44
604,5/8/2018,9228.608333
605,5/9/2018,9322.041667
606,5/10/2018,9310.37
607,5/11/2018,8468.788
608,5/12/2018,8484.346667
609,5/13/2018,8463.52
610,5/14/2018,8652.038333
611,5/15/2018,8511.458
612,5/16/2018,8471.06
613,5/17/2018,8106.118332999999
614,5/18/2018,8240.055
615,5/19/2018,8239.08
616,5/20/2018,8507.406667
617,5/21/2018,8385.556187
618,5/22/2018,8396.63
619,5/23/2018,7555.74
620,5/24/2018,7566.193333
621,5/25/2018,7576.78
622,5/26/2018,7342.908332999999
623,5/27/2018,7361.831667
624,5/28/2018,7344.56
625,5/29/2018,7459.876667
626,5/30/2018,7385.395
627,5/31/2018,7386.72
628,6/1/2018,7535.146667
629,6/2/2018,7645.146667
630,6/3/2018,7637.14
631,6/4/2018,7500.273333
632,6/5/2018,7615.7221420000005
633,6/6/2018,7619.43
634,6/7/2018,7676.271667
635,6/8/2018,7620.153333
636,6/9/2018,7615.54
637,6/10/2018,6776.888333
638,6/11/2018,6875.678333
639,6/12/2018,6879.31
640,6/13/2018,6315.7
641,6/14/2018,6647.013333
642,6/15/2018,6637.41
643,6/16/2018,6509.426667
644,6/17/2018,6464.411667
645,6/18/2018,6445.79
646,6/19/2018,6737.0
647,6/20/2018,6714.718333
648,6/21/2018,6760.83
649,6/22/2018,6332.573333
650,6/23/2018,6141.605833
651,6/24/2018,6170.46
652,6/25/2018,6211.4475
653,6/26/2018,6218.595
654,6/27/2018,6097.46
655,6/28/2018,6107.896154
656,6/29/2018,5908.7025
657,6/30/2018,6223.28
658,7/1/2018,6374.754167
659,7/2/2018,6466.069167000001
660,7/3/2018,6626.44
661,7/4/2018,6593.289167
662,7/5/2018,6603.376667
663,7/6/2018,6555.51
664,7/7/2018,6594.281667
665,7/8/2018,6753.559167
666,7/9/2018,6724.04
667,7/10/2018,6510.791667
668,7/11/2018,6377.363333
669,7/12/2018,6403.18
670,7/13/2018,6244.3575
671,7/14/2018,6241.0
672,7/15/2018,6248.84
673,7/16/2018,6514.3908329999995
674,7/17/2018,6869.910833
675,7/18/2018,7321.62
676,7/19/2018,7396.401667
677,7/20/2018,7428.045
678,7/21/2018,7334.99
679,7/22/2018,7451.289167
680,7/23/2018,7689.884167
681,7/24/2018,7715.1
682,7/25/2018,8251.165
683,7/26/2018,8187.324167
684,7/27/2018,7939.81
685,7/28/2018,8182.251667
686,7/29/2018,8206.341667
687,7/30/2018,8220.91
688,7/31/2018,7916.800833
689,8/1/2018,7570.869167
690,8/2/2018,7607.7
691,8/3/2018,7394.499167
692,8/4/2018,7247.769167
693,8/5/2018,7011.28
694,8/6/2018,6988.079167
695,8/7/2018,6993.513333
696,8/8/2018,6718.23
697,8/9/2018,6396.7725
698,8/10/2018,6396.494667
699,8/11/2018,6138.96
700,8/12/2018,6311.131667000001
701,8/13/2018,6347.07
702,8/14/2018,6252.13
703,8/15/2018,6362.676923
704,8/16/2018,6342.629231
705,8/17/2018,6312.75
706,8/18/2018,6436.720832999999
707,8/19/2018,6404.063333
708,8/20/2018,6486.58
709,8/21/2018,6401.2461539999995
710,8/22/2018,6575.229167
711,8/23/2018,6354.57
712,8/24/2018,6543.645714
713,8/25/2018,6719.429231
714,8/26/2018,6738.27
715,8/27/2018,6719.266154000001
716,8/28/2018,7000.04
717,8/29/2018,7078.19
718,8/30/2018,6932.6625
719,8/31/2018,6981.946154
720,9/1/2018,7018.78
721,9/2/2018,7247.935385
722,9/3/2018,7260.9492310000005
723,9/4/2018,7265.08
724,9/5/2018,7113.069231
725,9/6/2018,6433.271667
726,9/7/2018,6501.19
727,9/8/2018,6366.1075
728,9/9/2018,6286.425833
729,9/10/2018,6240.98
730,9/11/2018,6296.320833
731,9/12/2018,6273.1375
732,9/13/2018,6326.04
733,9/14/2018,6499.0625
734,9/15/2018,6518.655
735,9/16/2018,6522.39
736,9/17/2018,6400.6008329999995
737,9/18/2018,6296.631667000001
738,9/19/2018,6342.39
739,9/20/2018,6418.562667
740,9/21/2018,6669.990833
741,9/22/2018,6756.12
742,9/23/2018,6710.445
743,9/24/2018,6639.304167
744,9/25/2018,6583.45
745,9/26/2018,6468.631667000001
746,9/27/2018,6535.476667
747,9/28/2018,6686.08
748,9/29/2018,6550.474167
749,9/30/2018,6593.135
750,10/1/2018,6611.02
751,10/2/2018,6562.641667
752,10/3/2018,6470.4025
753,10/4/2018,6483.73
754,10/5/2018,6568.549167
755,10/6/2018,6581.486667
756,10/7/2018,6573.62
757,10/8/2018,6618.5676920000005
758,10/9/2018,6621.7116670000005
759,10/10/2018,6626.85
760,10/11/2018,6248.635833
761,10/12/2018,6260.530833
762,10/13/2018,6247.0
763,10/14/2018,6299.3991670000005
764,10/15/2018,6452.571667
765,10/16/2018,6599.17
766,10/17/2018,6596.276154
767,10/18/2018,6568.040769
768,10/19/2018,6509.61
769,10/20/2018,6488.825833
770,10/21/2018,6531.601667
771,10/22/2018,6504.78
772,10/23/2018,6481.4259999999995
773,10/24/2018,6508.31
774,10/25/2018,6489.77
775,10/26/2018,6473.753333
776,10/27/2018,6465.9175
777,10/28/2018,6457.21
778,10/29/2018,6382.668333
779,10/30/2018,6309.452857
780,10/31/2018,6301.61
781,11/1/2018,6342.280833
782,11/2/2018,6387.674167
783,11/3/2018,6390.42
784,11/4/2018,6391.873333
785,11/5/2018,6436.965
786,11/6/2018,6437.76
787,11/7/2018,6538.79
788,11/8/2018,6486.251667
789,11/9/2018,6444.97
790,11/10/2018,6399.033332999999
791,11/11/2018,6378.268333
792,11/12/2018,6408.53
793,11/13/2018,6372.063333
794,11/14/2018,6176.155
795,11/15/2018,5756.77
796,11/16/2018,5596.1925
797,11/17/2018,5558.243332999999
798,11/18/2018,5572.44
799,11/19/2018,5303.9425
800,11/20/2018,4671.97
801,11/21/2018,4491.98
802,11/22/2018,4548.7975
803,11/23/2018,4309.3375
804,11/24/2018,4352.98
805,11/25/2018,3823.511667
806,11/26/2018,3920.5366670000003
807,11/27/2018,3793.35
808,11/28/2018,4103.453846
809,11/29/2018,4263.783332999999
810,11/30/2018,4278.77
811,12/1/2018,4116.7775
812,12/2/2018,4167.5466670000005
813,12/3/2018,4140.6
814,12/4/2018,3961.493333
815,12/5/2018,3858.3491670000003
816,12/6/2018,3744.98
817,12/7/2018,3405.643333
818,12/8/2018,3435.34
819,12/9/2018,3453.66
820,12/10/2018,3523.96
821,12/11/2018,3426.19
822,12/12/2018,3407.28
823,12/13/2018,3406.7625
824,12/14/2018,3278.3741670000004
825,12/15/2018,3242.42
826,12/16/2018,3271.238333
827,12/17/2018,3392.405
828,12/18/2018,3556.54
829,12/19/2018,3808.0425
830,12/20/2018,3982.850833
831,12/21/2018,4135.19
832,12/22/2018,3910.973333
833,12/23/2018,4027.478333
834,12/24/2018,3995.17
835,12/25/2018,3813.88
836,12/26/2018,3825.379167
837,12/27/2018,3848.21
838,12/28/2018,3743.905
839,12/29/2018,3912.285833
840,12/30/2018,3770.36
841,12/31/2018,3791.5458329999997
842,1/1/2019,3752.271667
843,1/2/2019,3855.88
844,1/3/2019,3865.7975
845,1/4/2019,3822.626667
846,1/5/2019,3856.62
847,1/6/2019,3920.4566670000004
848,1/7/2019,4036.093333
849,1/8/2019,4032.25
850,1/9/2019,4034.138333
851,1/10/2019,3812.5858329999996
852,1/11/2019,3646.25
853,1/12/2019,3646.345833
854,1/13/2019,3599.841667
855,1/14/2019,3531.96
856,1/15/2019,3656.785
857,1/16/2019,3621.270833
858,1/17/2019,3621.43
859,1/18/2019,3632.395
860,1/19/2019,3690.5233329999996
861,1/20/2019,3703.98
862,1/21/2019,3548.4275
863,1/22/2019,3540.02
864,1/23/2019,3587.35
865,1/24/2019,3566.4
866,1/25/2019,3586.25
867,1/26/2019,3577.79
868,1/27/2019,3576.3
869,1/28/2019,3554.5
870,1/29/2019,3448.58
871,1/30/2019,3421.6
872,1/31/2019,3470.0
873,2/1/2019,3444.81
874,2/2/2019,3475.33
875,2/3/2019,3506.22
876,2/4/2019,3456.02
877,2/5/2019,3452.35
878,2/6/2019,3467.34
879,2/7/2019,3405.7
880,2/8/2019,3394.76
881,2/9/2019,3661.08
882,2/10/2019,3664.38
883,2/11/2019,3686.29
884,2/12/2019,3629.47
885,2/13/2019,3632.42
886,2/14/2019,3614.5
887,2/15/2019,3600.31
888,2/16/2019,3608.2
889,2/17/2019,3619.55
890,2/18/2019,3670.74
891,2/19/2019,3910.8
892,2/20/2019,3926.53
893,2/21/2019,3987.18
894,2/22/2019,3944.88
895,2/23/2019,3983.48
896,2/24/2019,4139.6
897,2/25/2019,3766.89
898,2/26/2019,3848.33
899,2/27/2019,3831.45
900,2/28/2019,3833.23
901,3/1/2019,3850.08
902,3/2/2019,3834.62
903,3/3/2019,3831.44
904,3/4/2019,3814.58
905,3/5/2019,3730.98
906,3/6/2019,3872.25
907,3/7/2019,3876.85
908,3/8/2019,3886.82
909,3/9/2019,3875.96
910,3/10/2019,3950.56
911,3/11/2019,3928.17
912,3/12/2019,3881.09
913,3/13/2019,3892.51
914,3/14/2019,3877.77
915,3/15/2019,3885.21
916,3/16/2019,3936.5
917,3/17/2019,4015.95
918,3/18/2019,3994.92
919,3/19/2019,3998.77
920,3/20/2019,4029.11
921,3/21/2019,4056.4
922,3/22/2019,3992.34
923,3/23/2019,3999.06
924,3/24/2019,4011.92
925,3/25/2019,3994.11
926,3/26/2019,3935.89
927,3/27/2019,3947.74
928,3/28/2019,4048.51
929,3/29/2019,4037.37
930,3/30/2019,4115.55
931,3/31/2019,4114.44
932,4/1/2019,4114.16
933,4/2/2019,4152.53
934,4/3/2019,4882.88
935,4/4/2019,4959.81
936,4/5/2019,4911.24
937,4/6/2019,5028.77
938,4/7/2019,5053.52
939,4/8/2019,5189.39
940,4/9/2019,5268.71
941,4/10/2019,5175.81
942,4/11/2019,5310.18
943,4/12/2019,5035.02
944,4/13/2019,5072.85
945,4/14/2019,5064.62
946,4/15/2019,5152.51
947,4/16/2019,5036.18
948,4/17/2019,5196.65
949,4/18/2019,5220.37
950,4/19/2019,5276.31
951,4/20/2019,5277.04
952,4/21/2019,5309.28
953,4/22/2019,5281.83
954,4/23/2019,5377.19
955,4/24/2019,5518.16
956,4/25/2019,5434.19
957,4/26/2019,5195.61
958,4/27/2019,5292.83
959,4/28/2019,5280.19
960,4/29/2019,5301.29
961,4/30/2019,5260.65
962,5/1/2019,5269.79
963,5/2/2019,5326.67
964,5/3/2019,5390.16
965,5/4/2019,5657.14
966,5/5/2019,5771.08
967,5/6/2019,5717.66
968,5/7/2019,5684.47
969,5/8/2019,5755.72
970,5/9/2019,5936.72
971,5/10/2019,6146.91
972,5/11/2019,6348.02
973,5/12/2019,7248.31
974,5/13/2019,6978.63
975,5/14/2019,7823.11
976,5/15/2019,7992.69
977,5/16/2019,8206.9
978,5/17/2019,7885.96
979,5/18/2019,7362.22
980,5/19/2019,7265.05
981,5/20/2019,8193.7
982,5/21/2019,8007.03
983,5/22/2019,7952.5
984,5/23/2019,7625.93
985,5/24/2019,7880.29
986,5/25/2019,8003.26
987,5/26/2019,8071.45
988,5/27/2019,8744.42
989,5/28/2019,8770.06
990,5/29/2019,8719.88
991,5/30/2019,8662.98
992,5/31/2019,8272.46
993,6/1/2019,8553.81
994,6/2/2019,8554.8
995,6/3/2019,8739.03
996,6/4/2019,8134.92
997,6/5/2019,7675.8
998,6/6/2019,7786.04
999,6/7/2019,7803.23
1000,6/8/2019,7998.29
1001,6/9/2019,7931.34
1002,6/10/2019,7640.61
1003,6/11/2019,8020.38
1004,6/12/2019,7917.58
1005,6/13/2019,8173.06
1006,6/14/2019,8237.88
1007,6/15/2019,8693.6
1008,6/16/2019,8859.47
1009,6/17/2019,8978.99
1010,6/18/2019,9327.48
1011,6/19/2019,9076.18
1012,6/20/2019,9281.7
1013,6/21/2019,9531.35
1014,6/22/2019,10209.38
1015,6/23/2019,10668.63
1016,6/24/2019,10814.48
1017,6/25/2019,11017.5
1018,6/26/2019,11766.4
1019,6/27/2019,12932.55
1020,6/28/2019,11132.85
1021,6/29/2019,12374.35
1022,6/30/2019,11890.38
1023,7/1/2019,10737.73
1024,7/2/2019,10578.72
1025,7/3/2019,10805.4
1026,7/4/2019,11984.76
1027,7/5/2019,11160.49
1028,7/6/2019,10955.16
1029,7/7/2019,11232.04
1030,7/8/2019,11477.01
1031,7/9/2019,12313.08
1032,7/10/2019,12586.78
1033,7/11/2019,12099.9
1034,7/12/2019,11352.87
1035,7/13/2019,11803.97
1036,7/14/2019,11389.1
1037,7/15/2019,10186.96
1038,7/16/2019,10873.5
1039,7/17/2019,9397.72
1040,7/18/2019,9674.28
1041,7/19/2019,10638.56
1042,7/20/2019,10535.75
1043,7/21/2019,10764.9
1044,7/22/2019,10587.41
1045,7/23/2019,10323.62
1046,7/24/2019,9844.3
1047,7/25/2019,9772.17
1048,7/26/2019,9875.17
1049,7/27/2019,9848.65
1050,7/28/2019,9473.99
1051,7/29/2019,9530.0
1052,7/30/2019,9501.33
1053,7/31/2019,9589.13
1054,8/1/2019,10084.7
1055,8/2/2019,10407.17
1056,8/3/2019,10529.55
1057,8/4/2019,10814.57
1058,8/5/2019,10980.23
1059,8/6/2019,11787.99
1060,8/7/2019,11465.67
1061,8/8/2019,11960.82
1062,8/9/2019,11996.41
1063,8/10/2019,11856.64
1064,8/11/2019,11282.22
1065,8/12/2019,11566.84
1066,8/13/2019,11386.26
1067,8/14/2019,10858.12
1068,8/15/2019,10016.96
1069,8/16/2019,10302.17
1070,8/17/2019,10359.44
1071,8/18/2019,10214.52
1072,8/19/2019,10317.6
1073,8/20/2019,10917.26
1074,8/21/2019,10760.56
1075,8/22/2019,10129.4
1076,8/23/2019,10111.98
1077,8/24/2019,10405.81
1078,8/25/2019,10143.8
1079,8/26/2019,10135.06
1080,8/27/2019,10360.28
1081,8/28/2019,10171.95
1082,8/29/2019,9717.82
1083,8/30/2019,9484.55
1084,8/31/2019,9577.99
1085,9/1/2019,9600.9
1086,9/2/2019,9769.79
1087,9/3/2019,10386.64
1088,9/4/2019,10621.29
1089,9/5/2019,10584.16
1090,9/6/2019,10577.8
1091,9/7/2019,10317.47
1092,9/8/2019,10487.21
1093,9/9/2019,10406.31
1094,9/10/2019,10313.66
1095,9/11/2019,10101.03
1096,9/12/2019,10159.32
1097,9/13/2019,10420.16
1098,9/14/2019,10363.9
1099,9/15/2019,10361.33
1100,9/16/2019,10310.43
1101,9/17/2019,10265.63
1102,9/18/2019,10190.36
1103,9/19/2019,10157.59
1104,9/20/2019,10275.88
1105,9/21/2019,10173.11
1106,9/22/2019,9979.49
1107,9/23/2019,10033.05
1108,9/24/2019,9683.38
1109,9/25/2019,8553.61
1110,9/26/2019,8432.23
1111,9/27/2019,8055.64
1112,9/28/2019,8193.9
1113,9/29/2019,8225.0
1114,9/30/2019,8056.74
1115,10/1/2019,8307.74
1116,10/2/2019,8322.92
1117,10/3/2019,8382.03
1118,10/4/2019,8236.17
1119,10/5/2019,8155.48
1120,10/6/2019,8147.69
1121,10/7/2019,7869.74
1122,10/8/2019,8212.02
1123,10/9/2019,8190.0
1124,10/10/2019,8587.92
1125,10/11/2019,8586.9
1126,10/12/2019,8269.73
1127,10/13/2019,8308.01
1128,10/14/2019,8283.76
1129,10/15/2019,8353.54
1130,10/16/2019,8162.16
1131,10/17/2019,8002.51
1132,10/18/2019,8076.78
1133,10/19/2019,7954.15
1134,10/20/2019,7960.04
1135,10/21/2019,8231.06
1136,10/22/2019,8222.52
1137,10/23/2019,8026.76
1138,10/24/2019,7469.56
1139,10/25/2019,7431.88
1140,10/26/2019,8666.79
1141,10/27/2019,9259.8
1142,10/28/2019,9551.54
1143,10/29/2019,9218.76
1144,10/30/2019,9433.35
1145,10/31/2019,9164.62
1146,11/1/2019,9147.98
1147,11/2/2019,9252.99
1148,11/3/2019,9301.18
1149,11/4/2019,9206.16
1150,11/5/2019,9418.05
1151,11/6/2019,9310.19
1152,11/7/2019,9343.34
1153,11/8/2019,9204.24
1154,11/9/2019,8766.04
1155,11/10/2019,8809.41
1156,11/11/2019,9037.12
1157,11/12/2019,8717.81
1158,11/13/2019,8801.52
1159,11/14/2019,8762.42
1160,11/15/2019,8632.32
1161,11/16/2019,8457.69
1162,11/17/2019,8482.7
1163,11/18/2019,8503.93
1164,11/19/2019,8175.99
1165,11/20/2019,8120.8
1166,11/21/2019,8081.81
1167,11/22/2019,7617.07
1168,11/23/2019,7286.35
1169,11/24/2019,7324.03
1170,11/25/2019,6907.4
1171,11/26/2019,7130.25
1172,11/27/2019,7163.63
1173,11/28/2019,7523.83
1174,11/29/2019,7431.0
1175,11/30/2019,7757.47
1176,12/1/2019,7557.72
1177,12/2/2019,7402.69
1178,12/3/2019,7309.59
1179,12/4/2019,7296.77
1180,12/5/2019,7192.85
1181,12/6/2019,7395.97
1182,12/7/2019,7547.19
1183,12/8/2019,7504.83
1184,12/9/2019,7522.39
1185,12/10/2019,7337.42
1186,12/11/2019,7220.76
1187,12/12/2019,7202.31
1188,12/13/2019,7189.16
1189,12/14/2019,7251.87
1190,12/15/2019,7067.74
1191,12/16/2019,7111.14
1192,12/17/2019,6879.54
1193,12/18/2019,6612.12
1194,12/19/2019,7284.29
1195,12/20/2019,7150.86
1196,12/21/2019,7190.17
1197,12/22/2019,7143.2
1198,12/23/2019,7514.41
1199,12/24/2019,7322.08
1200,12/25/2019,7250.69
1201,12/26/2019,7192.72
1202,12/27/2019,7194.4
1203,12/28/2019,7243.93
1204,12/29/2019,7301.07
1205,12/30/2019,7385.36
1206,12/31/2019,7219.6
1207,1/1/2020,7168.31
1208,1/2/2020,7175.68
1209,1/3/2020,6944.33
1210,1/4/2020,7326.35
1211,1/5/2020,7347.89
1212,1/6/2020,7351.57
1213,1/7/2020,7759.24
1214,1/8/2020,8165.47
1215,1/9/2020,8042.65
1216,1/10/2020,7817.92
1217,1/11/2020,8184.66
1218,1/12/2020,8021.49
1219,1/13/2020,8173.97
1220,1/14/2020,8105.24
1221,1/15/2020,8842.42
1222,1/16/2020,8813.89
1223,1/17/2020,8722.03
1224,1/18/2020,8900.34
1225,1/19/2020,8910.85
1226,1/20/2020,8703.36
1227,1/21/2020,8626.47
1228,1/22/2020,8722.26
1229,1/23/2020,8658.94
1230,1/24/2020,8388.11
1231,1/25/2020,8428.17
1232,1/26/2020,8327.36
1233,1/27/2020,8588.42
1234,1/28/2020,8895.78
1235,1/29/2020,9385.69
1236,1/30/2020,9279.81
1237,1/31/2020,9502.37
1238,2/1/2020,9333.77
1239,2/2/2020,9378.09
1240,2/3/2020,9314.56
1241,2/4/2020,9162.14
1242,2/5/2020,9162.14
1243,2/6/2020,9614.9
1244,2/7/2020,9755.66
1245,2/8/2020,9807.54
1246,2/9/2020,9907.12
1247,2/10/2020,10162.41
1248,2/11/2020,9854.79
1249,2/12/2020,10275.38
1250,2/13/2020,10354.3
1251,2/14/2020,10242.43
1252,2/15/2020,10368.53
1253,2/16/2020,9904.17
1254,2/17/2020,9937.67
1255,2/18/2020,9703.93
1256,2/19/2020,10180.65
1257,2/20/2020,9604.72
1258,2/21/2020,9606.86
1259,2/22/2020,9696.58
1260,2/23/2020,9669.63
1261,2/24/2020,9989.39
1262,2/25/2020,9663.75
1263,2/26/2020,9309.15
1264,2/27/2020,8785.52
1265,2/28/2020,8804.72
1266,2/29/2020,8712.35
1267,3/1/2020,8534.17
1268,3/2/2020,8912.82
1269,3/3/2020,8912.82
1270,3/4/2020,8754.34
1271,3/5/2020,8758.9
1272,3/6/2020,9067.39
1273,3/7/2020,9155.89
1274,3/8/2020,8898.63
1275,3/9/2020,8039.38
1276,3/10/2020,7931.94
1277,3/11/2020,7885.46
1278,3/12/2020,7936.65
1279,3/13/2020,4830.21
1280,3/14/2020,5609.03
1281,3/15/2020,5166.26
1282,3/16/2020,5348.44
1283,3/17/2020,5026.35
1284,3/18/2020,5357.61
1285,3/19/2020,5410.23
1286,3/20/2020,6195.2
1287,3/21/2020,6226.44
1288,3/22/2020,6189.85
1289,3/23/2020,5822.62
1290,3/24/2020,6502.16
1291,3/25/2020,6768.49
1292,3/26/2020,6698.46
1293,3/27/2020,6763.75
1294,3/28/2020,6369.09
1295,3/29/2020,6260.95
1296,3/30/2020,5885.41
1297,3/31/2020,6405.29
1298,4/1/2020,6428.28
1299,4/2/2020,6652.87
1300,4/3/2020,6809.11
1301,4/4/2020,6741.67
1302,4/5/2020,6871.69
1303,4/6/2020,6777.44
1304,4/7/2020,7343.2
1305,4/8/2020,7205.55
1306,4/9/2020,7365.03
1307,4/10/2020,7293.69
1308,4/11/2020,6873.24
1309,4/12/2020,6891.6
1310,4/13/2020,6915.37
1311,4/14/2020,6857.66
1312,4/15/2020,6871.95
1313,4/16/2020,6623.8
1314,4/17/2020,7112.27
1315,4/18/2020,7034.89
1316,4/19/2020,7259.36
1317,4/20/2020,7130.04
1318,4/21/2020,6840.24
1319,4/22/2020,6852.52
1320,4/23/2020,7130.99
1321,4/24/2020,7477.6
1322,4/25/2020,7507.08
1323,4/26/2020,7549.52
1324,4/27/2020,7699.27
1325,4/28/2020,7790.66
1326,4/29/2020,7765.33
1327,4/30/2020,8777.63
1328,5/1/2020,8628.77
1329,5/2/2020,8824.66
1330,5/3/2020,8973.82
1331,5/4/2020,8903.95
1332,5/5/2020,8885.93
1333,5/6/2020,9030.96
1334,5/7/2020,9170.79
1335,5/8/2020,10002.48
1336,5/9/2020,9821.8
1337,5/10/2020,9527.39
1338,5/11/2020,8754.46
1339,5/12/2020,8617.25
1340,5/13/2020,8814.53
1341,5/14/2020,9305.93
1342,5/15/2020,9790.31
1343,5/16/2020,9303.59
1344,5/17/2020,9385.7
1345,5/18/2020,9669.4
1346,5/19/2020,9719.37
1347,5/20/2020,9785.74
1348,5/21/2020,9510.67
1349,5/22/2020,9057.57
1350,5/23/2020,9167.26
1351,5/24/2020,9178.32
1352,5/25/2020,8730.73
1353,5/26/2020,8899.66
1354,5/27/2020,8842.85
1355,5/28/2020,9197.54
1356,5/29/2020,9569.21
1357,5/30/2020,9425.98
1358,5/31/2020,9698.1
1359,6/1/2020,9450.84
1360,6/2/2020,10204.23
1361,6/3/2020,9525.57
1362,6/4/2020,9658.04
1363,6/5/2020,9794.56
1364,6/6/2020,9623.75
1365,6/7/2020,9670.43
1366,6/8/2020,9753.85
1367,6/9/2020,9782.59
1368,6/10/2020,9775.15
1369,6/11/2020,9892.13
1370,6/12/2020,9286.42
1371,6/13/2020,9459.97
1372,6/14/2020,9473.5
1373,6/15/2020,9330.07
1374,6/16/2020,9426.7
1375,6/17/2020,9526.0
1376,6/18/2020,9454.81
1377,6/19/2020,9380.03
1378,6/20/2020,9300.15
1379,6/21/2020,9357.43
1380,6/22/2020,9284.78
1381,6/23/2020,9691.9
1382,6/24/2020,9621.49
1383,6/25/2020,9276.58
1384,6/26/2020,9240.85
1385,6/27/2020,9154.45
1386,6/28/2020,9004.23
1387,6/29/2020,9127.47
1388,6/30/2020,9185.35
1389,7/1/2020,9133.97
1390,7/2/2020,9236.38
1391,7/3/2020,9087.98
1392,7/4/2020,9072.42
1393,7/5/2020,9131.31
1394,7/6/2020,9089.09
1395,7/7/2020,9348.91
1396,7/8/2020,9256.23
1397,7/9/2020,9440.07
1398,7/10/2020,9238.04
1399,7/11/2020,9287.4
1400,7/12/2020,9235.96
1401,7/13/2020,9295.9
1402,7/14/2020,9238.13
1403,7/15/2020,9254.52
1404,7/16/2020,9193.51
1405,7/17/2020,9131.0
1406,7/18/2020,9154.19
1407,7/19/2020,9174.71
1408,7/20/2020,9214.66
1409,7/21/2020,9163.87
1410,7/22/2020,9392.66
1411,7/23/2020,9537.4
1412,7/24/2020,9613.11
1413,7/25/2020,9551.28
1414,7/26/2020,9707.5
1415,7/27/2020,9938.83
1416,7/28/2020,11042.4
1417,7/29/2020,10934.94
1418,7/30/2020,11102.67
1419,7/31/2020,11114.93
1420,8/1/2020,11343.88
1421,8/2/2020,11823.69
1422,8/3/2020,11077.77
1423,8/4/2020,11242.57
1424,8/5/2020,11194.25
1425,8/6/2020,11750.28
1426,8/7/2020,11772.94
1427,8/8/2020,11605.6
1428,8/9/2020,11767.6
1429,8/10/2020,11684.06
1430,8/11/2020,11893.03
1431,8/12/2020,11392.43
1432,8/13/2020,11573.11
1433,8/14/2020,11777.43
1434,8/15/2020,11774.38
1435,8/16/2020,11873.98
1436,8/17/2020,11914.01
1437,8/18/2020,12293.72
1438,8/19/2020,11969.53
1439,8/20/2020,11734.0
1440,8/21/2020,11865.82
1441,8/22/2020,11522.8
1442,8/23/2020,11683.44
1443,8/24/2020,11653.02
1444,8/25/2020,11763.93
1445,8/26/2020,11337.4
1446,8/27/2020,11467.37
1447,8/28/2020,11302.01
1448,8/29/2020,11534.75
1449,8/30/2020,11481.64
1450,8/31/2020,11707.78
1451,9/1/2020,11659.57
1452,9/2/2020,11923.25
1453,9/3/2020,11397.44
1454,9/4/2020,10187.51
1455,9/5/2020,10467.89
1456,9/6/2020,10159.62
1457,9/7/2020,10254.93
1458,9/8/2020,10367.74
1459,9/9/2020,10121.52
1460,9/10/2020,10227.83
1461,9/11/2020,10352.66
1462,9/12/2020,10395.44
1463,9/13/2020,10446.44
1464,9/14/2020,10330.77
1465,9/15/2020,10674.64
1466,9/16/2020,10785.62
1467,9/17/2020,10948.43
1468,9/18/2020,10943.89
1469,9/19/2020,10931.79
1470,9/20/2020,11081.43
1471,9/21/2020,10919.65
1472,9/22/2020,10430.46
1473,9/23/2020,10532.22
1474,9/24/2020,10234.48
1475,9/25/2020,10732.43
1476,9/26/2020,10692.84
1477,9/27/2020,10732.4
1478,9/28/2020,10774.24
1479,9/29/2020,10692.33
1480,9/30/2020,10840.8
1481,10/1/2020,10777.92
1482,10/2/2020,10619.24
1483,10/3/2020,10575.06
1484,10/4/2020,10551.77
1485,10/5/2020,10673.46
1486,10/6/2020,10788.56
1487,10/7/2020,10603.74
1488,10/8/2020,10670.8
1489,10/9/2020,10923.3
1490,10/10/2020,11063.19
1491,10/11/2020,11302.67
1492,10/12/2020,11376.61
1493,10/13/2020,11540.04
1494,10/14/2020,11428.24
1495,10/15/2020,11431.32
1496,10/16/2020,11503.73
1497,10/17/2020,11327.57
1498,10/18/2020,11366.51
1499,10/19/2020,11508.2
1500,10/20/2020,11758.16
1501,10/21/2020,11925.46
1502,10/22/2020,12831.56
1503,10/23/2020,12990.25
1504,10/24/2020,12944.52
1505,10/25/2020,13128.46
1506,10/26/2020,13036.77
1507,10/27/2020,13076.37
1508,10/28/2020,13651.47
1509,10/29/2020,13289.0
1510,10/30/2020,13458.66
1511,10/31/2020,13564.72
1512,11/1/2020,13810.32
1513,11/2/2020,13758.88
1514,11/3/2020,13575.17
1515,11/4/2020,14023.31
1516,11/5/2020,14155.59
1517,11/6/2020,15591.39
1518,11/7/2020,15595.77
1519,11/8/2020,14839.84
1520,11/9/2020,15490.6
1521,11/10/2020,15328.53
1522,11/11/2020,15317.04
1523,11/12/2020,15708.65
1524,11/13/2020,16295.57
1525,11/14/2020,16339.33
1526,11/15/2020,16091.07
1527,11/16/2020,15968.16
1528,11/17/2020,16725.15
1529,11/18/2020,17679.72
1530,11/19/2020,17798.45
1531,11/20/2020,17820.57
1532,11/21/2020,18687.45
1533,11/22/2020,18699.75
1534,11/23/2020,18422.28
1535,11/24/2020,18398.91
1536,11/25/2020,19172.52
1537,11/26/2020,18739.8
1538,11/27/2020,17151.44
1539,11/28/2020,17138.87
1540,11/29/2020,17732.42
1541,11/30/2020,18191.6
1542,12/1/2020,19709.73
1543,12/2/2020,18792.52
1544,12/3/2020,19226.97
1545,12/4/2020,19454.54
1546,12/5/2020,18670.49
1547,12/6/2020,19155.06
1548,12/7/2020,19377.66
1549,12/8/2020,19181.41
1550,12/9/2020,18318.87
1551,12/10/2020,18554.15
1552,12/11/2020,18247.76
1553,12/12/2020,18029.36
1554,12/13/2020,18803.44
1555,12/14/2020,19164.48
1556,12/15/2020,19276.59
1557,12/16/2020,19439.75
1558,12/17/2020,21379.48
1559,12/18/2020,22847.46
1560,12/19/2020,23150.79
1561,12/20/2020,23869.92
1562,12/21/2020,23490.58
1563,12/22/2020,22745.48
1564,12/23/2020,23824.99
1565,12/24/2020,23253.37
1566,12/25/2020,23715.53
1567,12/26/2020,24693.58
1568,12/27/2020,26443.21
1569,12/28/2020,26246.58
1570,12/29/2020,27036.69
1571,12/30/2020,27376.37
1572,12/31/2020,28856.59
1573,1/1/2021,28982.56
1574,1/2/2021,29393.75
1575,1/3/2021,32195.46
1576,1/4/2021,33000.78
1577,1/5/2021,32035.03
1578,1/6/2021,34046.67
1579,1/7/2021,36860.41
1580,1/8/2021,39486.04
1581,1/9/2021,40670.25
1582,1/10/2021,40240.72
1583,1/11/2021,38240.09
1584,1/12/2021,35544.94
1585,1/13/2021,34011.82
1586,1/14/2021,37393.13
1587,1/15/2021,39158.47
1588,1/16/2021,36828.52
1589,1/17/2021,36065.2
1590,1/18/2021,35793.01
1591,1/19/2021,36632.35
1592,1/20/2021,36020.13
1593,1/21/2021,35538.98
1594,1/22/2021,30797.88
1595,1/23/2021,33002.38
1596,1/24/2021,32099.74
1597,1/25/2021,32276.84
1598,1/26/2021,32243.26
1599,1/27/2021,32541.8
1600,1/28/2021,30419.17
1601,1/29/2021,33403.17
1602,1/30/2021,34314.26
1603,1/31/2021,34318.1
1604,2/1/2021,33136.46
1605,2/2/2021,33522.9
1606,2/3/2021,35529.66
1607,2/4/2021,37676.25
1608,2/5/2021,37002.09
1609,2/6/2021,38278.61
1610,2/7/2021,39323.26
1611,2/8/2021,38928.1
1612,2/9/2021,46364.3
1613,2/10/2021,46589.58
1614,2/11/2021,44878.17
1615,2/12/2021,48013.38
1616,2/13/2021,47471.4
1617,2/14/2021,47185.19
1618,2/15/2021,48720.37
1619,2/16/2021,47951.85
1620,2/17/2021,49160.1
1621,2/18/2021,52118.23
1622,2/19/2021,51608.15
1623,2/20/2021,55916.5
1624,2/21/2021,56001.2
1625,2/22/2021,57487.86
1626,2/23/2021,54123.4
1627,2/24/2021,48880.43
1628,2/25/2021,50624.84
1629,2/26/2021,46800.42
1630,2/27/2021,46340.31
1631,2/28/2021,46155.87
1632,3/1/2021,45113.92
1633,3/2/2021,49618.43
1634,3/3/2021,48356.04
1635,3/4/2021,50477.7
1636,3/5/2021,48448.91
1637,3/6/2021,48861.38
1638,3/7/2021,48881.59
1639,3/8/2021,51169.7
1640,3/9/2021,52299.33
1641,3/10/2021,54881.52
1642,3/11/2021,55997.23
1643,3/12/2021,57764.0
1644,3/13/2021,57253.28
1645,3/14/2021,61258.73
1646,3/15/2021,59133.47
1647,3/16/2021,55754.72
1648,3/17/2021,56872.38
1649,3/18/2021,58913.0
1650,3/19/2021,57665.9
1651,3/20/2021,58075.1
1652,3/21/2021,58085.8
1653,3/22/2021,57411.17
1654,3/23/2021,54204.96
1655,3/24/2021,54477.46
1656,3/25/2021,52508.23
1657,3/26/2021,51415.92
1658,3/27/2021,55074.47
1659,3/28/2021,55863.93
1660,3/29/2021,55783.71
1661,3/30/2021,57627.67
1662,3/31/2021,58730.13
1663,4/1/2021,58735.25
1664,4/2/2021,58736.92
1665,4/3/2021,59031.32
1666,4/4/2021,57076.49
1667,4/5/2021,58206.55
1668,4/6/2021,59054.1
1669,4/7/2021,58020.46
1670,4/8/2021,55947.27
1671,4/9/2021,58048.59
1672,4/10/2021,58102.58
1673,4/11/2021,59774.0
1674,4/12/2021,59964.87
1675,4/13/2021,59834.74
1676,4/14/2021,63554.44
1677,4/15/2021,62969.12
1678,4/16/2021,63252.63
1679,4/17/2021,61455.98
1680,4/18/2021,60087.09
1681,4/19/2021,56251.48
1682,4/20/2021,55703.14
1683,4/21/2021,56507.91
1684,4/22/2021,53808.8
1685,4/23/2021,51731.71
1686,4/24/2021,51153.13
1687,4/25/2021,50110.53
1688,4/26/2021,49075.58
1689,4/27/2021,54056.64
1690,4/28/2021,55071.46
1691,4/29/2021,54884.1
1692,4/30/2021,53584.15
1693,5/1/2021,57796.62
1694,5/2/2021,57857.5
1695,5/3/2021,56610.46
1696,5/4/2021,57213.33
1697,5/5/2021,53241.72
1698,5/6/2021,57473.23
1699,5/7/2021,56428.16
1700,5/8/2021,57380.27
1701,5/9/2021,58928.81
1702,5/10/2021,58280.73
1703,5/11/2021,55883.5
1704,5/12/2021,56750.0
1705,5/13/2021,49007.09
1706,5/14/2021,49702.27
1707,5/15/2021,49922.52
1708,5/16/2021,46736.58
1709,5/17/2021,46441.64
1710,5/18/2021,43596.24
1711,5/19/2021,42912.19
1712,5/20/2021,36964.27
1713,5/21/2021,40784.32
1714,5/22/2021,37280.35
1715,5/23/2021,37528.3
1716,5/24/2021,34754.54
1717,5/25/2021,38728.59
1718,5/26/2021,38410.5
1719,5/27/2021,39266.04
1720,5/28/2021,38445.29
1721,5/29/2021,35689.62
1722,5/30/2021,34647.67
1723,5/31/2021,35684.59
1724,6/1/2021,37310.54
1725,6/2/2021,36662.64
1726,6/3/2021,37585.24
1727,6/4/2021,39188.59
1728,6/5/2021,36885.51
1729,6/6/2021,35530.38
1730,6/7/2021,35816.17
1731,6/8/2021,33514.87
1732,6/9/2021,33450.19
1733,6/10/2021,37338.36
1734,6/11/2021,36704.57
1735,6/12/2021,37313.18
1736,6/13/2021,35494.9
1737,6/14/2021,39066.82
1738,6/15/2021,40525.8
1739,6/16/2021,40188.56
1740,6/17/2021,38324.87
1741,6/18/2021,38068.04
1742,6/19/2021,35729.82
1743,6/20/2021,35524.17
1744,6/21/2021,35592.35
1745,6/22/2021,31686.55
1746,6/23/2021,32447.59
1747,6/24/2021,33674.66
1748,6/25/2021,34639.38
1749,6/26/2021,31640.58
1750,6/27/2021,32160.91
1751,6/28/2021,34644.45
1752,6/29/2021,34456.67
1753,6/30/2021,35847.7
1754,7/1/2021,35047.36
1755,7/2/2021,33536.88
1756,7/3/2021,33856.86
1757,7/4/2021,34688.98
1758,7/5/2021,35309.3
1759,7/6/2021,33747.97
1760,7/7/2021,34211.01
1761,7/8/2021,33839.04
1762,7/9/2021,32877.41
1763,7/10/2021,33818.52
1764,7/11/2021,33515.57
1765,7/12/2021,34227.64
1766,7/13/2021,33158.25
1767,7/14/2021,32686.56
1768,7/15/2021,32814.61
1769,7/16/2021,31738.59
1770,7/17/2021,31421.25
1771,7/18/2021,31520.66
1772,7/19/2021,31783.49
1773,7/20/2021,30815.94
1774,7/21/2021,29790.24
1775,7/22/2021,32118.06
1776,7/23/2021,32297.89
1777,7/24/2021,33581.63
1778,7/25/2021,34279.34
1779,7/26/2021,35365.2
1780,7/27/2021,37318.14
1781,7/28/2021,39405.95
1782,7/29/2021,40002.53
1783,7/30/2021,40005.93
1784,7/31/2021,42214.15
1785,8/1/2021,41659.06
1786,8/2/2021,40000.46
1787,8/3/2021,39193.94
1788,8/4/2021,38138.0
1789,8/5/2021,39750.14
1790,8/6/2021,40882.0
1791,8/7/2021,42825.95
1792,8/8/2021,44634.13
1793,8/9/2021,43816.14
1794,8/10/2021,46333.46
1795,8/11/2021,45608.37
1796,8/12/2021,45611.46
1797,8/13/2021,44417.78
1798,8/14/2021,47833.98
1799,8/15/2021,47112.19
1800,8/16/2021,47056.41
1801,8/17/2021,45982.55
1802,8/18/2021,44648.57
1803,8/19/2021,44777.86
1804,8/20/2021,46734.65
1805,8/21/2021,49327.75
1806,8/22/2021,48932.02
1807,8/23/2021,49335.68
1808,8/24/2021,49523.5
1809,8/25/2021,47744.58
1810,8/26/2021,48972.09
1811,8/27/2021,46962.8
1812,8/28/2021,49056.86
1813,8/29/2021,48897.65
1814,8/30/2021,48806.78
1815,8/31/2021,47074.77
1816,9/1/2021,47155.87
1817,9/2/2021,48862.76
1818,9/3/2021,49329.01
1819,9/4/2021,50035.33
1820,9/5/2021,49947.38
1821,9/6/2021,51769.06
1822,9/7/2021,52677.4
1823,9/8/2021,46809.17
1824,9/9/2021,46078.38
1825,9/10/2021,46368.69
